{
  "particles": {
    "number": {
      "value": 50,
      "density": {
        "enable": true,
        "value_area": 800
      }
    },
    "color": {
      "value": "#ffdcdc"
    },
    "shape": {
      "type": "circle",
      "stroke": {
        "width": 0,
        "color": "#000000"
      },
      "polygon": {
        "nb_sides": 5
      }
    },
    "opacity": {
      "value": 0.5,
      "random": true,
      "anim": {
        "enable": true,
        "speed": 1,
        "opacity_min": 0.1,
        "sync": false
      }
    },
    "size": {
      "value": 5,
      "random": true,
      "anim": {
        "enable": true,
        "speed": 2,
        "size_min": 0.1,
        "sync": false
      }
    },
    "line_linked": {
      "enable": false
    },
    "move": {
      "enable": true,
      "speed": 1,
      "direction": "top",
      "random": true,
      "straight": false,
      "out_mode": "out",
      "bounce": false,
      "attract": {
        "enable": false,
        "rotateX": 600,
        "rotateY": 1200
      }
    }
  },
  "interactivity": {
    "detect_on": "canvas",
    "events": {
      "onhover": {
        "enable": true,
        "mode": "bubble"
      },
      "onclick": {
        "enable": true,
        "mode": "repulse"
      },
      "resize": true
    },
    "modes": {
      "bubble": {
        "distance": 200,
        "size": 6,
        "duration": 2,
        "opacity": 0.8,
        "speed": 3
      },
      "repulse": {
        "distance": 200,
        "duration": 0.4
      }
    }
  },
  "retina_detect": true
}
